TX00001,Deluxe,Nitin,9820098300
TX00002,Utility,Anish,9820098302
TX00003,Luxury,Vasant,9820098304
TX00004,Deluxe,Amitabh,9820098306
TX00005,Utility,Narayan,9820098308
TX00006,Luxury,Neeraj,9820098310
TX00007,Deluxe,Raja,9820098312
TX00008,Utility,Vijaya,9820098314
TX00009,Luxury,Prakash,9820098316
TX00010,Deluxe,Darshan,9820098318
TX00011,Utility,Chandra,9820098320
TX00012,Luxury,Sitaram,9820098322
TX00013,Deluxe,Rakesh,9820098324
TX00014,Utility,Nikhil,9820098326
TX00015,Luxury,Bharath,9820098328
TX00016,Deluxe,Anant,9820098330
TX00017,Utility,Kanta,9820098332
TX00018,Luxury,Shriram,9820098334
TX00019,Deluxe,Radha,9820098336
TX00020,Utility,Venkat,9820098338
TX00021,Luxury,Agni,9820098340
TX00022,Deluxe,Viraj,9820098342
TX00023,Utility,Pradip,9820098344
TX00024,Luxury,Kapil,9820098346
TX00025,Deluxe,Chiranjivi,9820098348
TX00026,Utility,Govind,9820098350
TX00027,Luxury,Hira,9820098352
TX00028,Deluxe,Suraj,9820098354
TX00029,Utility,Karthik,9820098356
TX00030,Luxury,Sharma,9820098358
TX00031,Deluxe,Nanda,9820098360
TX00032,Utility,Vinay,9820098362
TX00033,Luxury,Anantha,9820098364
TX00034,Deluxe,Jaidev,9820098366
TX00035,Utility,Ramesh,9820098368
TX00036,Luxury,Devraj,9820098370
TX00037,Deluxe,Pravin,9820098372
TX00038,Utility,Asim,9820098374
TX00039,Luxury,Laxman,9820098376
TX00040,Deluxe,Sudarshan,9820098378
TX00041,Utility,Abhijeet,9820098380
TX00042,Luxury,Rajeev,9820098382
TX00043,Deluxe,Ramprasad,9820098384
TX00044,Utility,Rakesh,9820098386
TX00045,Luxury,Sanjay,9820098388
TX00046,Deluxe,Vikram,9820098390
TX00047,Utility,Karthik,9820098392
TX00048,Luxury,Ajith,9820098394
TX00049,Utility,Sudhir,9820098396
TX00050,Luxury,Mahendra,9820098398
